{
	"folders": {},
	"connections": {
		"oracle_thin-18f852059ec-49202d5527647722": {
			"provider": "oracle",
			"driver": "oracle_thin",
			"name": "ORCL",
			"save-password": true,
			"configuration": {
				"host": "oracle.fiap.com.br",
				"port": "1521",
				"database": "ORCL",
				"url": "jdbc:oracle:thin:@//oracle.fiap.com.br:1521/ORCL",
				"configurationType": "MANUAL",
				"type": "dev",
				"closeIdleConnection": true,
				"provider-properties": {
					"@dbeaver-connection-type@": "BASIC",
					"@dbeaver-sid-service@": "SERVICE"
				},
				"auth-model": "oracle_native"
			}
		}
	},
	"connection-types": {
		"dev": {
			"name": "Desenvolvimento",
			"color": "255,255,255",
			"description": "Banco de dados de desenvolvimento",
			"auto-commit": true,
			"confirm-execute": false,
			"confirm-data-change": false,
			"smart-commit": false,
			"smart-commit-recover": false,
			"auto-close-transactions": true,
			"close-transactions-period": 1800,
			"auto-close-connections": true,
			"close-connections-period": 14400
		}
	}
}